{
    "data_source": "tracker_district_daily",
    "region_name": [
        "bengaluru urban"
    ],
    "region_type": "district",
    "run_day": "6/1/20",
    "forecast_start_date": "6/2/20",
    "forecast_end_date": "7/2/20",
    "model_class": "heterogeneous_ensemble",
    "model_parameters": {
        "constituent_models": {
            "0": {
                "model_class": "SEIHRD",
                "model_parameters": {
                    "incubation_period": 5,
                    "F_icu": 0.05,
                    "EbyCRatio": 57.24504539983303,
                    "F_fatalities": 0.02939840410615913,
                    "F_hospitalization": 0.09255640493613826,
                    "IbyCRatio": 0.6853391013721378,
                    "infectious_period": 1.356269916680188,
                    "r0": 2.058302737418627,
                    "LatentEbyCRatio": {
                        "6/10/20": 57.24504539983303,
                        "6/20/20": 0.3503055147832431
                    },
                    "LatentIbyCRatio": {
                        "6/10/20": 0.6853391013721378,
                        "6/20/20": 0.09134310512001675
                    }
                }
            },
            "1": {
                "model_class": "SEIHRD",
                "model_parameters": {
                    "incubation_period": 5,
                    "F_icu": 0.05,
                    "EbyCRatio": 57.24504539983303,
                    "F_fatalities": 0.02939840410615913,
                    "F_hospitalization": 0.09255640493613826,
                    "IbyCRatio": 0.6853391013721378,
                    "infectious_period": 1.356269916680188,
                    "r0": 2.058302737418627,
                    "LatentEbyCRatio": {
                        "6/10/20": 57.24504539983303,
                        "6/20/20": 0.3503055147832431
                    },
                    "LatentIbyCRatio": {
                        "6/10/20": 0.6853391013721378,
                        "6/20/20": 0.09134310512001675
                    }
                }
            }
        },
        "constituent_model_losses": {
            "0": 614.1516557715153,
            "1": 2125.477875711327
        },
        "beta": 0.9399626141038897,
        "MAPE": 48.61935822410172,
        "modes": {
            "predict_mode": "with_uncertainty"
        },
        "uncertainty_parameters": {
            "include_mean": "True",
            "percentiles": [10, 20, 30, 40, 50, 60, 70, 80, 90],
            "ci": 95,
            "date_of_interest": "6/3/20",
            "column_of_interest": "hospitalized",
            "window": 5
        }
    },
    "forecast_variables": [
        "confirmed",
        "recovered",
        "deceased"
    ]
}