{
    "model_parameters": {
        "child_model": {
            "model_class": "SEIHRD",
            "model_parameters": {
                "incubation_period": 5,
                "F_icu": 0.05,
                "EbyCRatio": 68.3806036835617,
                "F_fatalities": 0.0604718939348968,
                "F_hospitalization": 0.045676557957691946,
                "IbyCRatio": 1.2324364964447612,
                "infectious_period": 1.363033484627215,
                "r0": 1.3311366446163426
            }
        },
        "modes": {
            "training_mode": "constituent_models",
            "predict_mode": "mean"
        },
        "constituent_models": {
            "0": {
                "model_class": "SEIHRD",
                "model_parameters": {
                    "incubation_period": 5,
                    "F_icu": 0.05,
                    "EbyCRatio": 56.480487296651845,
                    "F_fatalities": 0.0582292061209231,
                    "F_hospitalization": 0.06781813450675897,
                    "IbyCRatio": 1.9427281404862546,
                    "infectious_period": 5.309753472692751,
                    "r0": 2.5197634484349356,
                    "LatentEbyCRatio": {
                        "5/30/20": 56.480487296651845,
                        "6/6/20": 2.0414207924036822
                    },
                    "LatentIbyCRatio": {
                        "5/30/20": 1.9427281404862546,
                        "6/6/20": 0.2954689068126492
                    }
                }
            },
            "1": {
                "model_class": "SEIHRD",
                "model_parameters": {
                    "incubation_period": 5,
                    "F_icu": 0.05,
                    "EbyCRatio": 68.3806036835617,
                    "F_fatalities": 0.0604718939348968,
                    "F_hospitalization": 0.045676557957691946,
                    "IbyCRatio": 1.2324364964447612,
                    "infectious_period": 1.363033484627215,
                    "r0": 1.3311366446163426,
                    "LatentEbyCRatio": {
                        "5/30/20": 68.3806036835617,
                        "6/6/20": 0.5066426356014685
                    },
                    "LatentIbyCRatio": {
                        "5/30/20": 1.2324364964447612,
                        "6/6/20": 0.29319489741568144
                    }
                }
            }
        },
        "constituent_model_losses": {
            "0": 1172.2873627090096,
            "1": 2361.7436137088625
        }
    }
}